;;;;;;;;;;;;;;;;;;;;;;;;;;;;;;;;;;;;;;;;;;
;;;;;;;;;;;;;;;;;;;;;;;;;;;;;;;;;;;;;;;;;;
;;;;;;;;;;;;;;;;;;;;;;;;;;;;;;;;;;;;;;;;;;
;;;;;;;;;;;;;;;;;;;;;;;;;;;;;;;;;;;;;;;;;;
;;;;;;;;;;;;;;;;;;;;;;;;;;;;;;;;;;;;;;;;;;
;;;;;;;;;;;;;;;;;;;;;;;;;;;;;;;;;;;;;;;;;;
;;;;;;;;;;;;;;;;;;;;;;;;;;;;;;;;;;;;;;;;;;
Players;Score;Accuracy;Moves;Date;;Players;Score;Accuracy;Moves;Date;;Players;Score;Accuracy;Moves;Date;;Players;Rating;Score;Accuracy;Moves;Date;;Game_id;Black;White;Resoult;Accuracy;Moves;Rating;Date;;My_rating;Opponent_rating;;;;;;;
Jclopeh(1256);0;76.7;39;22.cze.22;;1256;Lose;76.7;39;22.06.2022;;Jclopeh;Lose;76.7;39;22.06.2022;;Jclopeh;1256;Lose;76.7;39;22.06.2022;;;Jclopeh;Aviozek;;;;;;;;;;;;1200;1256;;
Aviozek(1200);1;88.5;;;;1200;Win;88.5;;;;Aviozek;Win;88.5;;;;Aviozek;1200;Win;88.5;;;;;;;;;39;;22.06.2022;;1200;1256;;;;1190;1213;;
elio2500(1213);0;59.6;29;22.cze.22;;1213;Lose;59.6;29;22.06.2022;;elio2500;Lose;59.6;29;22.06.2022;;elio2500;1213;Lose;59.6;29;22.06.2022;;;elio2500;Aviozek;;;;;;;;1213;;;;1181;1151;;
Aviozek(1190);1;65;;;;1190;Win;65;;;;Aviozek;Win;65;;;;Aviozek;1190;Win;65;;;;;;;;;29;;22.06.2022;;1190;;;;;1173;1099;;
Aviozek(1181);1;85.9;51;22.cze.22;;1181;Win;85.9;51;22.06.2022;;Aviozek;Win;85.9;51;22.06.2022;;Aviozek;1181;Win;85.9;51;22.06.2022;;;Aviozek;khalajbahram;;;;;;;1181;;;;;1183;1145;;
khalajbahram(1151);0;76.6;;;;1151;Lose;76.6;;;;khalajbahram;Lose;76.6;;;;khalajbahram;1151;Lose;76.6;;;;;;;;;51;;22.06.2022;;;1151;;;;1176;1104;;
masoudpouradam(1099);1;83.4;71;20.cze.22;;1099;Win;83.4;71;20.06.2022;;masoudpouradam;Win;83.4;71;20.06.2022;;masoudpouradam;1099;Win;83.4;71;20.06.2022;;;masoudpouradam;Aviozek;;;;;;;;1099;;;;1169;1150;;
Aviozek(1173);0;79.8;;;;1173;Lose;79.8;;;;Aviozek;Lose;79.8;;;;Aviozek;1173;Lose;79.8;;;;;;;;;71;;20.06.2022;;1173;;;;;1178;1159;;
Aviozek(1183);1;83;12;20.cze.22;;1183;Win;83;12;20.06.2022;;Aviozek;Win;83;12;20.06.2022;;Aviozek;1183;Win;83;12;20.06.2022;;;Aviozek;Sabarinaths;;;;;;;1183;;;;;1187;1240;;
Sabarinaths(1145);0;89.9;;;;1145;Lose;89.9;;;;Sabarinaths;Lose;89.9;;;;Sabarinaths;1145;Lose;89.9;;;;;;;;;12;;20.06.2022;;;1145;;;;1177;1200;;
Aviozek(1176);1;88;39;20.cze.22;;1176;Win;88;39;20.06.2022;;Aviozek;Win;88;39;20.06.2022;;Aviozek;1176;Win;88;39;20.06.2022;;;Aviozek;Katzuya;;;;;;;1176;;;;;1185;1106;;
Katzuya(1104);0;70.8;;;;1104;Lose;70.8;;;;Katzuya;Lose;70.8;;;;Katzuya;1104;Lose;70.8;;;;;;;;;39;;20.06.2022;;;1104;;;;1195;1032;;
arames67(1150);1;91.7;18;20.cze.22;;1150;Win;91.7;18;20.06.2022;;arames67;Win;91.7;18;20.06.2022;;arames67;1150;Win;91.7;18;20.06.2022;;;arames67;Aviozek;;;;;;;;1150;;;;1187;1264;;
Aviozek(1169);0;78.8;;;;1169;Lose;78.8;;;;Aviozek;Lose;78.8;;;;Aviozek;1169;Lose;78.8;;;;;;;;;18;;20.06.2022;;1169;;;;;1194;1108;;
bruno_bresha(1159);1;66.5;33;20.cze.22;;1159;Win;66.5;33;20.06.2022;;bruno_bresha;Win;66.5;33;20.06.2022;;bruno_bresha;1159;Win;66.5;33;20.06.2022;;;bruno_bresha;Aviozek;;;;;;;;1159;;;;1188;1236;;
Aviozek(1178);0;60.5;;;;1178;Lose;60.5;;;;Aviozek;Lose;60.5;;;;Aviozek;1178;Lose;60.5;;;;;;;;;33;;20.06.2022;;1178;;;;;1195;1096;;
Aviozek(1187);1;75.7;24;20.cze.22;;1187;Win;75.7;24;20.06.2022;;Aviozek;Win;75.7;24;20.06.2022;;Aviozek;1187;Win;75.7;24;20.06.2022;;;Aviozek;pandayr;;;;;;;1187;;;;;1189;1090;;
pandayr(1240);0;53.9;;;;1240;Lose;53.9;;;;pandayr;Lose;53.9;;;;pandayr;1240;Lose;53.9;;;;;;;;;24;;20.06.2022;;;1240;;;;1183;1248;;
Aviozek(1177);0;69.6;14;20.cze.22;;1177;Lose;69.6;14;20.06.2022;;Aviozek;Lose;69.6;14;20.06.2022;;Aviozek;1177;Lose;69.6;14;20.06.2022;;;Aviozek;pcj101;;;;;;;1177;;;;;1173;1197;;
pcj101(1200);1;82;;;;1200;Win;82;;;;pcj101;Win;82;;;;pcj101;1200;Win;82;;;;;;;;;14;;20.06.2022;;;1200;;;;1164;1210;;
Orucov74(1106);1;84.1;10;17.cze.22;;1106;Win;84.1;10;17.06.2022;;Orucov74;Win;84.1;10;17.06.2022;;Orucov74;1106;Win;84.1;10;17.06.2022;;;Orucov74;Aviozek;;;;;;;;1106;;;;1155;1151;;
Aviozek(1185);0;74.5;;;;1185;Lose;74.5;;;;Aviozek;Lose;74.5;;;;Aviozek;1185;Lose;74.5;;;;;;;;;10;;17.06.2022;;1185;;;;;1164;1217;;
bykl25(1032);0;73.5;55;17.cze.22;;1032;Lose;73.5;55;17.06.2022;;bykl25;Lose;73.5;55;17.06.2022;;bykl25;1032;Lose;73.5;55;17.06.2022;;;bykl25;Aviozek;;;;;;;;1032;;;;1154;1153;;
Aviozek(1195);1;84.3;;;;1195;Win;84.3;;;;Aviozek;Win;84.3;;;;Aviozek;1195;Win;84.3;;;;;;;;;55;;17.06.2022;;1195;;;;;1146;1044;;
Aviozek(1187);0;57.4;21;17.cze.22;;1187;Lose;57.4;21;17.06.2022;;Aviozek;Lose;57.4;21;17.06.2022;;Aviozek;1187;Lose;57.4;21;17.06.2022;;;Aviozek;ali_ssh;;;;;;;1187;;;;;1140;987;;
ali_ssh(1264);1;66.5;;;;1264;Win;66.5;;;;ali_ssh;Win;66.5;;;;ali_ssh;1264;Win;66.5;;;;;;;;;21;;17.06.2022;;;1264;;;;1131;1117;;
SIGMA_MALEQ(1108);0;71.4;72;17.cze.22;;1108;Lose;71.4;72;17.06.2022;;SIGMA_MALEQ;Lose;71.4;72;17.06.2022;;SIGMA_MALEQ;1108;Lose;71.4;72;17.06.2022;;;SIGMA_MALEQ;Aviozek;;;;;;;;1108;;;;1140;1074;;
Aviozek(1194);1;75.8;;;;1194;Win;75.8;;;;Aviozek;Win;75.8;;;;Aviozek;1194;Win;75.8;;;;;;;;;72;;17.06.2022;;1194;;;;;1133;1141;;
adi4557(1236);1;81.8;26;16.cze.22;;1236;Win;81.8;26;16.06.2022;;adi4557;Win;81.8;26;16.06.2022;;adi4557;1236;Win;81.8;26;16.06.2022;;;adi4557;Aviozek;;;;;;;;1236;;;;1141;1062;;
Aviozek(1188);0;67.9;;;;1188;Lose;67.9;;;;Aviozek;Lose;67.9;;;;Aviozek;1188;Lose;67.9;;;;;;;;;26;;16.06.2022;;1188;;;;;1135;1110;;
Aviozek(1195);1;81.1;19;16.cze.22;;1195;Win;81.1;19;16.06.2022;;Aviozek;Win;81.1;19;16.06.2022;;Aviozek;1195;Win;81.1;19;16.06.2022;;;Aviozek;Smurf54279;;;;;;;1195;;;;;1127;1164;;
Smurf54279(1096);0;71.1;;;;1096;Lose;71.1;;;;Smurf54279;Lose;71.1;;;;Smurf54279;1096;Lose;71.1;;;;;;;;;19;;16.06.2022;;;1096;;;;1118;1107;;
Aviozek(1189);1;86.5;23;16.cze.22;;1189;Win;86.5;23;16.06.2022;;Aviozek;Win;86.5;23;16.06.2022;;Aviozek;1189;Win;86.5;23;16.06.2022;;;Aviozek;Chahatschahat;;;;;;;1189;;;;;1127;1087;;
Chahatschahat(1090);0;68.4;;;;1090;Lose;68.4;;;;Chahatschahat;Lose;68.4;;;;Chahatschahat;1090;Lose;68.4;;;;;;;;;23;;16.06.2022;;;1090;;;;1136;1125;;
FUTUREBOY7(1248);0;65.2;56;15.cze.22;;1248;Lose;65.2;56;15.06.2022;;FUTUREBOY7;Lose;65.2;56;15.06.2022;;FUTUREBOY7;1248;Lose;65.2;56;15.06.2022;;;FUTUREBOY7;Aviozek;;;;;;;;1248;;;;1145;1109;;
Aviozek(1183);1;77.1;;;;1183;Win;77.1;;;;Aviozek;Win;77.1;;;;Aviozek;1183;Win;77.1;;;;;;;;;56;;15.06.2022;;1183;;;;;1137;1132;;
Nusharif(1197);0;82.2;66;15.cze.22;;1197;Lose;82.2;66;15.06.2022;;Nusharif;Lose;82.2;66;15.06.2022;;Nusharif;1197;Lose;82.2;66;15.06.2022;;;Nusharif;Aviozek;;;;;;;;1197;;;;1145;1175;;
Aviozek(1173);1;83.2;;;;1173;Win;83.2;;;;Aviozek;Win;83.2;;;;Aviozek;1173;Win;83.2;;;;;;;;;66;;15.06.2022;;1173;;;;;1136;1151;;
Aviozek(1164);1;78.6;24;15.cze.22;;1164;Win;78.6;24;15.06.2022;;Aviozek;Win;78.6;24;15.06.2022;;Aviozek;1164;Win;78.6;24;15.06.2022;;;Aviozek;Loord306;;;;;;;1164;;;;;1127;1109;;
Loord306(1210);0;79.1;;;;1210;Lose;79.1;;;;Loord306;Lose;79.1;;;;Loord306;1210;Lose;79.1;;;;;;;;;24;;15.06.2022;;;1210;;;;1119;1105;;
Knightwatching(1151);1;69.2;33;14.cze.22;;1151;Win;69.2;33;14.06.2022;;Knightwatching;Win;69.2;33;14.06.2022;;Knightwatching;1151;Win;69.2;33;14.06.2022;;;Knightwatching;Aviozek;;;;;;;;1151;;;;1110;1110;;
Aviozek(1155);0;58.6;;;;1155;Lose;58.6;;;;Aviozek;Lose;58.6;;;;Aviozek;1155;Lose;58.6;;;;;;;;;33;;14.06.2022;;1155;;;;;1119;1181;;
Aviozek(1164);1;83.6;15;13.cze.22;;1164;Win;83.6;15;13.06.2022;;Aviozek;Win;83.6;15;13.06.2022;;Aviozek;1164;Win;83.6;15;13.06.2022;;;Aviozek;Kevindo3;;;;;;;1164;;;;;1127;1035;;
Kevindo3(1217);0;63.4;;;;1217;Lose;63.4;;;;Kevindo3;Lose;63.4;;;;Kevindo3;1217;Lose;63.4;;;;;;;;;15;;13.06.2022;;;1217;;;;1120;1141;;
Aviozek(1154);1;74.4;53;13.cze.22;;1154;Win;74.4;53;13.06.2022;;Aviozek;Win;74.4;53;13.06.2022;;Aviozek;1154;Win;74.4;53;13.06.2022;;;Aviozek;vladimirmalyuta;;;;;;;1154;;;;;1119;1159;;
vladimirmalyuta(1153);0;67.3;;;;1153;Lose;67.3;;;;vladimirmalyuta;Lose;67.3;;;;vladimirmalyuta;1153;Lose;67.3;;;;;;;;;53;;13.06.2022;;;1153;;;;1108;1103;;
Aviozek(1146);1;76.8;44;12.cze.22;;1146;Win;76.8;44;12.06.2022;;Aviozek;Win;76.8;44;12.06.2022;;Aviozek;1146;Win;76.8;44;12.06.2022;;;Aviozek;aleorofino;;;;;;;1146;;;;;1098;985;;
aleorofino(1044);0;71.4;;;;1044;Lose;71.4;;;;aleorofino;Lose;71.4;;;;aleorofino;1044;Lose;71.4;;;;;;;;;44;;12.06.2022;;;1044;;;;1091;1050;;
Marko_143(987);0;85.7;10;12.cze.22;;987;Lose;85.7;10;12.06.2022;;Marko_143;Lose;85.7;10;12.06.2022;;Marko_143;987;Lose;85.7;10;12.06.2022;;;Marko_143;Aviozek;;;;;;;;987;;;;1081;1027;;
Aviozek(1140);1;94.6;;;;1140;Win;94.6;;;;Aviozek;Win;94.6;;;;Aviozek;1140;Win;94.6;;;;;;;;;10;;12.06.2022;;1140;;;;;1072;964;;
klepci(1117);1;80.3;16;12.cze.22;;1117;Win;80.3;16;12.06.2022;;klepci;Win;80.3;16;12.06.2022;;klepci;1117;Win;80.3;16;12.06.2022;;;klepci;Aviozek;;;;;;;;1117;;;;1064;1128;;
Aviozek(1131);0;67.1;;;;1131;Lose;67.1;;;;Aviozek;Lose;67.1;;;;Aviozek;1131;Lose;67.1;;;;;;;;;16;;12.06.2022;;1131;;;;;1074;1034;;
Myname077(1074);0;95.4;6;12.cze.22;;1074;Lose;95.4;6;12.06.2022;;Myname077;Lose;95.4;6;12.06.2022;;Myname077;1074;Lose;95.4;6;12.06.2022;;;Myname077;Aviozek;;;;;;;;1074;;;;1087;974;;
Aviozek(1140);1;99.3;;;;1140;Win;99.3;;;;Aviozek;Win;99.3;;;;Aviozek;1140;Win;99.3;;;;;;;;;6;;12.06.2022;;1140;;;;;1078;1077;;
Aviozek(1133);0;70.9;15;12.cze.22;;1133;Lose;70.9;15;12.06.2022;;Aviozek;Lose;70.9;15;12.06.2022;;Aviozek;1133;Lose;70.9;15;12.06.2022;;;Aviozek;matt66458;;;;;;;1133;;;;;1091;1060;;
matt66458(1141);1;81.9;;;;1141;Win;81.9;;;;matt66458;Win;81.9;;;;matt66458;1141;Win;81.9;;;;;;;;;15;;12.06.2022;;;1141;;;;1079;1076;;
SethariusII(1062);0;65.4;59;11.cze.22;;1062;Lose;65.4;59;11.06.2022;;SethariusII;Lose;65.4;59;11.06.2022;;SethariusII;1062;Lose;65.4;59;11.06.2022;;;SethariusII;Aviozek;;;;;;;;1062;;;;1065;1029;;
Aviozek(1141);1;75.2;;;;1141;Win;75.2;;;;Aviozek;Win;75.2;;;;Aviozek;1141;Win;75.2;;;;;;;;;59;;11.06.2022;;1141;;;;;1081;1184;;
ykrishanthi(1110);0;72.3;10;10.cze.22;;1110;Lose;72.3;10;10.06.2022;;ykrishanthi;Lose;72.3;10;10.06.2022;;ykrishanthi;1110;Lose;72.3;10;10.06.2022;;;ykrishanthi;Aviozek;;;;;;;;1110;;;;1091;1147;;
Aviozek(1135);1;84.5;;;;1135;Win;84.5;;;;Aviozek;Win;84.5;;;;Aviozek;1135;Win;84.5;;;;;;;;;10;;10.06.2022;;1135;;;;;1073;1054;;
Aviozek(1127);1;76;38;10.cze.22;;1127;Win;76;38;10.06.2022;;Aviozek;Win;76;38;10.06.2022;;Aviozek;1127;Win;76;38;10.06.2022;;;Aviozek;SissyAvatar;;;;;;;1127;;;;;1058;1079;;
SissyAvatar(1164);0;68.9;;;;1164;Lose;68.9;;;;SissyAvatar;Lose;68.9;;;;SissyAvatar;1164;Lose;68.9;;;;;;;;;38;;10.06.2022;;;1164;;;;1041;968;;
awesomezorz(1107);1;76.9;14;10.cze.22;;1107;Win;76.9;14;10.06.2022;;awesomezorz;Win;76.9;14;10.06.2022;;awesomezorz;1107;Win;76.9;14;10.06.2022;;;awesomezorz;Aviozek;;;;;;;;1107;;;;1028;1132;;
Aviozek(1118);0;56.1;;;;1118;Lose;56.1;;;;Aviozek;Lose;56.1;;;;Aviozek;1118;Lose;56.1;;;;;;;;;14;;10.06.2022;;1118;;;;;1037;1119;;
AkshayGujarcr7(1087);1;75.2;30;10.cze.22;;1087;Win;75.2;30;10.06.2022;;AkshayGujarcr7;Win;75.2;30;10.06.2022;;AkshayGujarcr7;1087;Win;75.2;30;10.06.2022;;;AkshayGujarcr7;Aviozek;;;;;;;;1087;;;;1047;1044;;
Aviozek(1127);0;66.6;;;;1127;Lose;66.6;;;;Aviozek;Lose;66.6;;;;Aviozek;1127;Lose;66.6;;;;;;;;;30;;10.06.2022;;1127;;;;;1034;1010;;
Aviozek(1136);0;76.5;8;10.cze.22;;1136;Lose;76.5;8;10.06.2022;;Aviozek;Lose;76.5;8;10.06.2022;;Aviozek;1136;Lose;76.5;8;10.06.2022;;;Aviozek;vnaveen8894;;;;;;;1136;;;;;1022;912;;
vnaveen8894(1125);1;94.5;;;;1125;Win;94.5;;;;vnaveen8894;Win;94.5;;;;vnaveen8894;1125;Win;94.5;;;;;;;;;8;;10.06.2022;;;1125;;;;1016;967;;
Aviozek(1145);1;79.3;49;10.cze.22;;1145;Win;79.3;49;10.06.2022;;Aviozek;Win;79.3;49;10.06.2022;;Aviozek;1145;Win;79.3;49;10.06.2022;;;Aviozek;samurainero50;;;;;;;1145;;;;;1008;1017;;
samurainero50(1109);0;70.3;;;;1109;Lose;70.3;;;;samurainero50;Lose;70.3;;;;samurainero50;1109;Lose;70.3;;;;;;;;;49;;10.06.2022;;;1109;;;;1017;1090;;
Aviozek(1137);0;73.6;71;10.cze.22;;1137;Lose;73.6;71;10.06.2022;;Aviozek;Lose;73.6;71;10.06.2022;;Aviozek;1137;Lose;73.6;71;10.06.2022;;;Aviozek;Henrik_Geiran;;;;;;;1137;;;;;1024;1000;;
Henrik_Geiran(1132);1;77.5;;;;1132;Win;77.5;;;;Henrik_Geiran;Win;77.5;;;;Henrik_Geiran;1132;Win;77.5;;;;;;;;;71;;10.06.2022;;;1132;;;;1016;1033;;
Aviozek(1145);1;62.1;27;09.cze.22;;1145;Win;62.1;27;09.06.2022;;Aviozek;Win;62.1;27;09.06.2022;;Aviozek;1145;Win;62.1;27;09.06.2022;;;Aviozek;Murfi2;;;;;;;1145;;;;;1007;997;;
Murfi2(1175);0;60.1;;;;1175;Lose;60.1;;;;Murfi2;Lose;60.1;;;;Murfi2;1175;Lose;60.1;;;;;;;;;27;;09.06.2022;;;1175;;;;1016;956;;
Shafiq123455(1151);0;62.1;48;09.cze.22;;1151;Lose;62.1;48;09.06.2022;;Shafiq123455;Lose;62.1;48;09.06.2022;;Shafiq123455;1151;Lose;62.1;48;09.06.2022;;;Shafiq123455;Aviozek;;;;;;;;1151;;;;1009;979;;
Aviozek(1136);1;70.1;;;;1136;Win;70.1;;;;Aviozek;Win;70.1;;;;Aviozek;1136;Win;70.1;;;;;;;;;48;;09.06.2022;;1136;;;;;1018;1023;;
Malko1001(1109);0;72.4;39;09.cze.22;;1109;Lose;72.4;39;09.06.2022;;Malko1001;Lose;72.4;39;09.06.2022;;Malko1001;1109;Lose;72.4;39;09.06.2022;;;Malko1001;Aviozek;;;;;;;;1109;;;;1026;1028;;
Aviozek(1127);1;79.6;;;;1127;Win;79.6;;;;Aviozek;Win;79.6;;;;Aviozek;1127;Win;79.6;;;;;;;;;39;;09.06.2022;;1127;;;;;1034;1001;;
Aviozek(1119);1;84.9;13;09.cze.22;;1119;Win;84.9;13;09.06.2022;;Aviozek;Win;84.9;13;09.06.2022;;Aviozek;1119;Win;84.9;13;09.06.2022;;;Aviozek;Henry153;;;;;;;1119;;;;;1026;1004;;
Henry153(1105);0;63.1;;;;1105;Lose;63.1;;;;Henry153;Lose;63.1;;;;Henry153;1105;Lose;63.1;;;;;;;;;13;;09.06.2022;;;1105;;;;1027;1056;;
GRtrain(1110);1;86.2;42;09.cze.22;;1110;Win;86.2;42;09.06.2022;;GRtrain;Win;86.2;42;09.06.2022;;GRtrain;1110;Win;86.2;42;09.06.2022;;;GRtrain;Aviozek;;;;;;;;1110;;;;1035;1159;;
Aviozek(1110);0;75.1;;;;1110;Lose;75.1;;;;Aviozek;Lose;75.1;;;;Aviozek;1110;Lose;75.1;;;;;;;;;42;;09.06.2022;;1110;;;;;1041;1036;;
Aviozek(1119);0;66;41;09.cze.22;;1119;Lose;66;41;09.06.2022;;Aviozek;Lose;66;41;09.06.2022;;Aviozek;1119;Lose;66;41;09.06.2022;;;Aviozek;Anamgess77;;;;;;;1119;;;;;1049;977;;
Anamgess77(1181);1;70.7;;;;1181;Win;70.7;;;;Anamgess77;Win;70.7;;;;Anamgess77;1181;Win;70.7;;;;;;;;;41;;09.06.2022;;;1181;;;;1042;991;;
bhenkabhai(1035);0;62.7;21;09.cze.22;;1035;Lose;62.7;21;09.06.2022;;bhenkabhai;Lose;62.7;21;09.06.2022;;bhenkabhai;1035;Lose;62.7;21;09.06.2022;;;bhenkabhai;Aviozek;;;;;;;;1035;;;;1035;1009;;
Aviozek(1127);1;75.3;;;;1127;Win;75.3;;;;Aviozek;Win;75.3;;;;Aviozek;1127;Win;75.3;;;;;;;;;21;;09.06.2022;;1127;;;;;1027;1021;;
Aviozek(1120);½;87.4;43;07.cze.22;;1120;Tie;87.4;43;07.06.2022;;Aviozek;Tie;87.4;43;07.06.2022;;Aviozek;1120;Tie;87.4;43;07.06.2022;;;Aviozek;matmar1940;;;;;;;1120;;;;;1019;912;;
matmar1940(1141);½;84.8;;;;1141;Tie;84.8;;;;matmar1940;Tie;84.8;;;;matmar1940;1141;Tie;84.8;;;;;;;;;43;;07.06.2022;;;1141;;;;1013;1009;;
newgammer(1159);0;55.3;23;07.cze.22;;1159;Lose;55.3;23;07.06.2022;;newgammer;Lose;55.3;23;07.06.2022;;newgammer;1159;Lose;55.3;23;07.06.2022;;;newgammer;Aviozek;;;;;;;;1159;;;;1005;961;;
Aviozek(1119);1;63.7;;;;1119;Win;63.7;;;;Aviozek;Win;63.7;;;;Aviozek;1119;Win;63.7;;;;;;;;;23;;07.06.2022;;1119;;;;;997;885;;
Aviozek(1108);1;75.7;30;06.cze.22;;1108;Win;75.7;30;06.06.2022;;Aviozek;Win;75.7;30;06.06.2022;;Aviozek;1108;Win;75.7;30;06.06.2022;;;Aviozek;drkylcndg1;;;;;;;1108;;;;;;;;
drkylcndg1(1103);0;58.8;;;;1103;Lose;58.8;;;;drkylcndg1;Lose;58.8;;;;drkylcndg1;1103;Lose;58.8;;;;;;;;;30;;06.06.2022;;;1103;;;;;;;
Aviozek(1098);1;82.1;46;06.cze.22;;1098;Win;82.1;46;06.06.2022;;Aviozek;Win;82.1;46;06.06.2022;;Aviozek;1098;Win;82.1;46;06.06.2022;;;Aviozek;ramin_fatahii;;;;;;;1098;;;;;;;;
ramin_fatahii(985);0;74.5;;;;985;Lose;74.5;;;;ramin_fatahii;Lose;74.5;;;;ramin_fatahii;985;Lose;74.5;;;;;;;;;46;;06.06.2022;;;985;;;;;;;
Aviozek(1091);1;76.8;16;06.cze.22;;1091;Win;76.8;16;06.06.2022;;Aviozek;Win;76.8;16;06.06.2022;;Aviozek;1091;Win;76.8;16;06.06.2022;;;Aviozek;ChapolinEnxadrista;;;;;;;1091;;;;;;;;
ChapolinEnxadrista(1050);0;51;;;;1050;Lose;51;;;;ChapolinEnxadrista;Lose;51;;;;ChapolinEnxadrista;1050;Lose;51;;;;;;;;;16;;06.06.2022;;;1050;;;;;;;
saltrince(1027);0;57.7;22;06.cze.22;;1027;Lose;57.7;22;06.06.2022;;saltrince;Lose;57.7;22;06.06.2022;;saltrince;1027;Lose;57.7;22;06.06.2022;;;saltrince;Aviozek;;;;;;;;1027;;;;;;;
Aviozek(1081);1;68.2;;;;1081;Win;68.2;;;;Aviozek;Win;68.2;;;;Aviozek;1081;Win;68.2;;;;;;;;;22;;06.06.2022;;1081;;;;;;;;
xM3gix(964);0;80.2;55;06.cze.22;;964;Lose;80.2;55;06.06.2022;;xM3gix;Lose;80.2;55;06.06.2022;;xM3gix;964;Lose;80.2;55;06.06.2022;;;xM3gix;Aviozek;;;;;;;;964;;;;;;;
Aviozek(1072);1;87.8;;;;1072;Win;87.8;;;;Aviozek;Win;87.8;;;;Aviozek;1072;Win;87.8;;;;;;;;;55;;06.06.2022;;1072;;;;;;;;
Aviozek(1064);0;72.8;23;06.cze.22;;1064;Lose;72.8;23;06.06.2022;;Aviozek;Lose;72.8;23;06.06.2022;;Aviozek;1064;Lose;72.8;23;06.06.2022;;;Aviozek;Geo123mkl;;;;;;;1064;;;;;;;;
Geo123mkl(1128);1;84.4;;;;1128;Win;84.4;;;;Geo123mkl;Win;84.4;;;;Geo123mkl;1128;Win;84.4;;;;;;;;;23;;06.06.2022;;;1128;;;;;;;
Aviozek(1074);0;74.2;33;06.cze.22;;1074;Lose;74.2;33;06.06.2022;;Aviozek;Lose;74.2;33;06.06.2022;;Aviozek;1074;Lose;74.2;33;06.06.2022;;;Aviozek;diman45shveika;;;;;;;1074;;;;;;;;
diman45shveika(1034);1;80.5;;;;1034;Win;80.5;;;;diman45shveika;Win;80.5;;;;diman45shveika;1034;Win;80.5;;;;;;;;;33;;06.06.2022;;;1034;;;;;;;
ranger5333333(974);0;72;46;06.cze.22;;974;Lose;72;46;06.06.2022;;ranger5333333;Lose;72;46;06.06.2022;;ranger5333333;974;Lose;72;46;06.06.2022;;;ranger5333333;Aviozek;;;;;;;;974;;;;;;;
Aviozek(1087);1;86.9;;;;1087;Win;86.9;;;;Aviozek;Win;86.9;;;;Aviozek;1087;Win;86.9;;;;;;;;;46;;06.06.2022;;1087;;;;;;;;
AUXY_1(1077);1;85.5;18;06.cze.22;;1077;Win;85.5;18;06.06.2022;;AUXY_1;Win;85.5;18;06.06.2022;;AUXY_1;1077;Win;85.5;18;06.06.2022;;;AUXY_1;Aviozek;;;;;;;;1077;;;;;;;
Aviozek(1078);0;75.6;;;;1078;Lose;75.6;;;;Aviozek;Lose;75.6;;;;Aviozek;1078;Lose;75.6;;;;;;;;;18;;06.06.2022;;1078;;;;;;;;
lolimini123(1060);0;62.5;25;06.cze.22;;1060;Lose;62.5;25;06.06.2022;;lolimini123;Lose;62.5;25;06.06.2022;;lolimini123;1060;Lose;62.5;25;06.06.2022;;;lolimini123;Aviozek;;;;;;;;1060;;;;;;;
Aviozek(1091);1;72.9;;;;1091;Win;72.9;;;;Aviozek;Win;72.9;;;;Aviozek;1091;Win;72.9;;;;;;;;;25;;06.06.2022;;1091;;;;;;;;
Aviozek(1079);1;85.2;37;06.cze.22;;1079;Win;85.2;37;06.06.2022;;Aviozek;Win;85.2;37;06.06.2022;;Aviozek;1079;Win;85.2;37;06.06.2022;;;Aviozek;Mayrambek01;;;;;;;1079;;;;;;;;
Mayrambek01(1076);0;74.9;;;;1076;Lose;74.9;;;;Mayrambek01;Lose;74.9;;;;Mayrambek01;1076;Lose;74.9;;;;;;;;;37;;06.06.2022;;;1076;;;;;;;
Aviozek(1065);0;59.6;26;06.cze.22;;1065;Lose;59.6;26;06.06.2022;;Aviozek;Lose;59.6;26;06.06.2022;;Aviozek;1065;Lose;59.6;26;06.06.2022;;;Aviozek;Cendol1500;;;;;;;1065;;;;;;;;
Cendol1500(1029);1;72.8;;;;1029;Win;72.8;;;;Cendol1500;Win;72.8;;;;Cendol1500;1029;Win;72.8;;;;;;;;;26;;06.06.2022;;;1029;;;;;;;
Dactylin(1184);1;92.4;11;06.cze.22;;1184;Win;92.4;11;06.06.2022;;Dactylin;Win;92.4;11;06.06.2022;;Dactylin;1184;Win;92.4;11;06.06.2022;;;Dactylin;Aviozek;;;;;;;;1184;;;;;;;
Aviozek(1081);0;71.9;;;;1081;Lose;71.9;;;;Aviozek;Lose;71.9;;;;Aviozek;1081;Lose;71.9;;;;;;;;;11;;06.06.2022;;1081;;;;;;;;
Aviozek(1091);1;76.3;47;06.cze.22;;1091;Win;76.3;47;06.06.2022;;Aviozek;Win;76.3;47;06.06.2022;;Aviozek;1091;Win;76.3;47;06.06.2022;;;Aviozek;SCATIVCRMN;;;;;;;1091;;;;;;;;
SCATIVCRMN(1147);0;75.6;;;;1147;Lose;75.6;;;;SCATIVCRMN;Lose;75.6;;;;SCATIVCRMN;1147;Lose;75.6;;;;;;;;;47;;06.06.2022;;;1147;;;;;;;
Logan2810(1054);0;63.4;51;05.cze.22;;1054;Lose;63.4;51;05.06.2022;;Logan2810;Lose;63.4;51;05.06.2022;;Logan2810;1054;Lose;63.4;51;05.06.2022;;;Logan2810;Aviozek;;;;;;;;1054;;;;;;;
Aviozek(1073);1;69;;;;1073;Win;69;;;;Aviozek;Win;69;;;;Aviozek;1073;Win;69;;;;;;;;;51;;05.06.2022;;1073;;;;;;;;
gadgj(1079);0;64.6;18;01.cze.22;;1079;Lose;64.6;18;01.06.2022;;gadgj;Lose;64.6;18;01.06.2022;;gadgj;1079;Lose;64.6;18;01.06.2022;;;gadgj;Aviozek;;;;;;;;1079;;;;;;;
Aviozek(1058);1;88.5;;;;1058;Win;88.5;;;;Aviozek;Win;88.5;;;;Aviozek;1058;Win;88.5;;;;;;;;;18;;01.06.2022;;1058;;;;;;;;
Aviozek(1041);1;84;45;30.maj.22;;1041;Win;84;45;30.05.2022;;Aviozek;Win;84;45;30.05.2022;;Aviozek;1041;Win;84;45;30.05.2022;;;Aviozek;wAikawAKizunAw;;;;;;;1041;;;;;;;;
wAikawAKizunAw(968);0;72.4;;;;968;Lose;72.4;;;;wAikawAKizunAw;Lose;72.4;;;;wAikawAKizunAw;968;Lose;72.4;;;;;;;;;45;;30.05.2022;;;968;;;;;;;
Yrevich(1132);1;84.2;19;08.kwi.22;;1132;Win;84.2;19;08.04.2022;;Yrevich;Win;84.2;19;08.04.2022;;Yrevich;1132;Win;84.2;19;08.04.2022;;;Yrevich;Aviozek;;;;;;;;1132;;;;;;;
Aviozek(1028);0;70.6;;;;1028;Lose;70.6;;;;Aviozek;Lose;70.6;;;;Aviozek;1028;Lose;70.6;;;;;;;;;19;;08.04.2022;;1028;;;;;;;;
Aviozek(1037);0;58;44;08.kwi.22;;1037;Lose;58;44;08.04.2022;;Aviozek;Lose;58;44;08.04.2022;;Aviozek;1037;Lose;58;44;08.04.2022;;;Aviozek;Rupesh_Indulkar;;;;;;;1037;;;;;;;;
Rupesh_Indulkar(1119);1;68.4;;;;1119;Win;68.4;;;;Rupesh_Indulkar;Win;68.4;;;;Rupesh_Indulkar;1119;Win;68.4;;;;;;;;;44;;08.04.2022;;;1119;;;;;;;
Aviozek(1047);1;66.8;53;08.kwi.22;;1047;Win;66.8;53;08.04.2022;;Aviozek;Win;66.8;53;08.04.2022;;Aviozek;1047;Win;66.8;53;08.04.2022;;;Aviozek;yadgari1998;;;;;;;1047;;;;;;;;
yadgari1998(1044);0;58.3;;;;1044;Lose;58.3;;;;yadgari1998;Lose;58.3;;;;yadgari1998;1044;Lose;58.3;;;;;;;;;53;;08.04.2022;;;1044;;;;;;;
gambhirpratap(1010);0;77.6;44;08.kwi.22;;1010;Lose;77.6;44;08.04.2022;;gambhirpratap;Lose;77.6;44;08.04.2022;;gambhirpratap;1010;Lose;77.6;44;08.04.2022;;;gambhirpratap;Aviozek;;;;;;;;1010;;;;;;;
Aviozek(1034);1;89.9;;;;1034;Win;89.9;;;;Aviozek;Win;89.9;;;;Aviozek;1034;Win;89.9;;;;;;;;;44;;08.04.2022;;1034;;;;;;;;
21thESQUIZOIDMAN(912);0;73.5;34;16.lut.22;;912;Lose;73.5;34;16.02.2022;;21thESQUIZOIDMAN;Lose;73.5;34;16.02.2022;;21thESQUIZOIDMAN;912;Lose;73.5;34;16.02.2022;;;21thESQUIZOIDMAN;Aviozek;;;;;;;;912;;;;;;;
Aviozek(1022);1;85.9;;;;1022;Win;85.9;;;;Aviozek;Win;85.9;;;;Aviozek;1022;Win;85.9;;;;;;;;;34;;16.02.2022;;1022;;;;;;;;
Aviozek(1016);1;75.2;69;16.lut.22;;1016;Win;75.2;69;16.02.2022;;Aviozek;Win;75.2;69;16.02.2022;;Aviozek;1016;Win;75.2;69;16.02.2022;;;Aviozek;Longconner;;;;;;;1016;;;;;;;;
Longconner(967);0;72.5;;;;967;Lose;72.5;;;;Longconner;Lose;72.5;;;;Longconner;967;Lose;72.5;;;;;;;;;69;;16.02.2022;;;967;;;;;;;
Aviozek(1008);0;49.4;8;16.lut.22;;1008;Lose;49.4;8;16.02.2022;;Aviozek;Lose;49.4;8;16.02.2022;;Aviozek;1008;Lose;49.4;8;16.02.2022;;;Aviozek;Hakumonto;;;;;;;1008;;;;;;;;
Hakumonto(1017);1;41.7;;;;1017;Win;41.7;;;;Hakumonto;Win;41.7;;;;Hakumonto;1017;Win;41.7;;;;;;;;;8;;16.02.2022;;;1017;;;;;;;
vanemariani(1090);1;85.9;33;10.sty.22;;1090;Win;85.9;33;10.01.2022;;vanemariani;Win;85.9;33;10.01.2022;;vanemariani;1090;Win;85.9;33;10.01.2022;;;vanemariani;Aviozek;;;;;;;;1090;;;;;;;
Aviozek(1017);0;71.8;;;;1017;Lose;71.8;;;;Aviozek;Lose;71.8;;;;Aviozek;1017;Lose;71.8;;;;;;;;;33;;10.01.2022;;1017;;;;;;;;
VehbiM(1000);0;65.8;30;10.sty.22;;1000;Lose;65.8;30;10.01.2022;;VehbiM;Lose;65.8;30;10.01.2022;;VehbiM;1000;Lose;65.8;30;10.01.2022;;;VehbiM;Aviozek;;;;;;;;1000;;;;;;;
Aviozek(1024);1;68.7;;;;1024;Win;68.7;;;;Aviozek;Win;68.7;;;;Aviozek;1024;Win;68.7;;;;;;;;;30;;10.01.2022;;1024;;;;;;;;
Aviozek(1016);1;59.3;35;10.sty.22;;1016;Win;59.3;35;10.01.2022;;Aviozek;Win;59.3;35;10.01.2022;;Aviozek;1016;Win;59.3;35;10.01.2022;;;Aviozek;rafiffadhil87;;;;;;;1016;;;;;;;;
rafiffadhil87(1033);0;50.8;;;;1033;Lose;50.8;;;;rafiffadhil87;Lose;50.8;;;;rafiffadhil87;1033;Lose;50.8;;;;;;;;;35;;10.01.2022;;;1033;;;;;;;
Aviozek(1007);0;60.2;26;10.sty.22;;1007;Lose;60.2;26;10.01.2022;;Aviozek;Lose;60.2;26;10.01.2022;;Aviozek;1007;Lose;60.2;26;10.01.2022;;;Aviozek;Brinjal_Blaster;;;;;;;1007;;;;;;;;
Brinjal_Blaster(997);1;72.1;;;;997;Win;72.1;;;;Brinjal_Blaster;Win;72.1;;;;Brinjal_Blaster;997;Win;72.1;;;;;;;;;26;;10.01.2022;;;997;;;;;;;
Noteipon(956);0;48.7;6;24.gru.21;;956;Lose;48.7;6;24.12.2021;;Noteipon;Lose;48.7;6;24.12.2021;;Noteipon;956;Lose;48.7;6;24.12.2021;;;Noteipon;Aviozek;;;;;;;;956;;;;;;;
Aviozek(1016);1;100;;;;1016;Win;100;;;;Aviozek;Win;100;;;;Aviozek;1016;Win;100;;;;;;;;;6;;24.12.2021;;1016;;;;;;;;
Aviozek(1009);0;62.6;14;24.gru.21;;1009;Lose;62.6;14;24.12.2021;;Aviozek;Lose;62.6;14;24.12.2021;;Aviozek;1009;Lose;62.6;14;24.12.2021;;;Aviozek;VRK1961;;;;;;;1009;;;;;;;;
VRK1961(979);1;86.2;;;;979;Win;86.2;;;;VRK1961;Win;86.2;;;;VRK1961;979;Win;86.2;;;;;;;;;14;;24.12.2021;;;979;;;;;;;
Heitorr123(1023);1;84;27;24.gru.21;;1023;Win;84;27;24.12.2021;;Heitorr123;Win;84;27;24.12.2021;;Heitorr123;1023;Win;84;27;24.12.2021;;;Heitorr123;Aviozek;;;;;;;;1023;;;;;;;
Aviozek(1018);0;72.3;;;;1018;Lose;72.3;;;;Aviozek;Lose;72.3;;;;Aviozek;1018;Lose;72.3;;;;;;;;;27;;24.12.2021;;1018;;;;;;;;
Asspatroler(1028);1;85.7;62;24.gru.21;;1028;Win;85.7;62;24.12.2021;;Asspatroler;Win;85.7;62;24.12.2021;;Asspatroler;1028;Win;85.7;62;24.12.2021;;;Asspatroler;Aviozek;;;;;;;;1028;;;;;;;
Aviozek(1026);0;75.3;;;;1026;Lose;75.3;;;;Aviozek;Lose;75.3;;;;Aviozek;1026;Lose;75.3;;;;;;;;;62;;24.12.2021;;1026;;;;;;;;
Aviozek(1034);1;84.5;87;24.gru.21;;1034;Win;84.5;87;24.12.2021;;Aviozek;Win;84.5;87;24.12.2021;;Aviozek;1034;Win;84.5;87;24.12.2021;;;Aviozek;A_Soka;;;;;;;1034;;;;;;;;
A_Soka(1001);0;80.5;;;;1001;Lose;80.5;;;;A_Soka;Lose;80.5;;;;A_Soka;1001;Lose;80.5;;;;;;;;;87;;24.12.2021;;;1001;;;;;;;
Papi-Palastro(1004);½;71.9;51;24.gru.21;;1004;Tie;71.9;51;24.12.2021;;Papi-Palastro;Tie;71.9;51;24.12.2021;;Papi-Palastro;1004;Tie;71.9;51;24.12.2021;;;Papi-Palastro;Aviozek;;;;;;;;1004;;;;;;;
Aviozek(1026);½;69.2;;;;1026;Tie;69.2;;;;Aviozek;Tie;69.2;;;;Aviozek;1026;Tie;69.2;;;;;;;;;51;;24.12.2021;;1026;;;;;;;;
Syedhussain786(1056);1;77.5;32;23.gru.21;;1056;Win;77.5;32;23.12.2021;;Syedhussain786;Win;77.5;32;23.12.2021;;Syedhussain786;1056;Win;77.5;32;23.12.2021;;;Syedhussain786;Aviozek;;;;;;;;1056;;;;;;;
Aviozek(1027);0;71.5;;;;1027;Lose;71.5;;;;Aviozek;Lose;71.5;;;;Aviozek;1027;Lose;71.5;;;;;;;;;32;;23.12.2021;;1027;;;;;;;;
Aviozek(1035);0;51;16;23.gru.21;;1035;Lose;51;16;23.12.2021;;Aviozek;Lose;51;16;23.12.2021;;Aviozek;1035;Lose;51;16;23.12.2021;;;Aviozek;hmadafathy;;;;;;;1035;;;;;;;;
hmadafathy(1159);1;64.2;;;;1159;Win;64.2;;;;hmadafathy;Win;64.2;;;;hmadafathy;1159;Win;64.2;;;;;;;;;16;;23.12.2021;;;1159;;;;;;;
claudiocameli(1036);1;65.7;21;22.gru.21;;1036;Win;65.7;21;22.12.2021;;claudiocameli;Win;65.7;21;22.12.2021;;claudiocameli;1036;Win;65.7;21;22.12.2021;;;claudiocameli;Aviozek;;;;;;;;1036;;;;;;;
Aviozek(1041);0;65.4;;;;1041;Lose;65.4;;;;Aviozek;Lose;65.4;;;;Aviozek;1041;Lose;65.4;;;;;;;;;21;;22.12.2021;;1041;;;;;;;;
kingEaster98(977);0;66.9;24;22.gru.21;;977;Lose;66.9;24;22.12.2021;;kingEaster98;Lose;66.9;24;22.12.2021;;kingEaster98;977;Lose;66.9;24;22.12.2021;;;kingEaster98;Aviozek;;;;;;;;977;;;;;;;
Aviozek(1049);1;81.7;;;;1049;Win;81.7;;;;Aviozek;Win;81.7;;;;Aviozek;1049;Win;81.7;;;;;;;;;24;;22.12.2021;;1049;;;;;;;;
Aviozek(1042);1;79.2;11;07.gru.21;;1042;Win;79.2;11;07.12.2021;;Aviozek;Win;79.2;11;07.12.2021;;Aviozek;1042;Win;79.2;11;07.12.2021;;;Aviozek;usmanliaqat36;;;;;;;1042;;;;;;;;
usmanliaqat36(991);0;59.6;;;;991;Lose;59.6;;;;usmanliaqat36;Lose;59.6;;;;usmanliaqat36;991;Lose;59.6;;;;;;;;;11;;07.12.2021;;;991;;;;;;;
shole2706(1009);0;65.9;23;07.gru.21;;1009;Lose;65.9;23;07.12.2021;;shole2706;Lose;65.9;23;07.12.2021;;shole2706;1009;Lose;65.9;23;07.12.2021;;;shole2706;Aviozek;;;;;;;;1009;;;;;;;
Aviozek(1035);1;78.2;;;;1035;Win;78.2;;;;Aviozek;Win;78.2;;;;Aviozek;1035;Win;78.2;;;;;;;;;23;;07.12.2021;;1035;;;;;;;;
Aviozek(1027);1;75.2;28;07.gru.21;;1027;Win;75.2;28;07.12.2021;;Aviozek;Win;75.2;28;07.12.2021;;Aviozek;1027;Win;75.2;28;07.12.2021;;;Aviozek;Elephant5797;;;;;;;1027;;;;;;;;
Elephant5797(1021);0;72;;;;1021;Lose;72;;;;Elephant5797;Lose;72;;;;Elephant5797;1021;Lose;72;;;;;;;;;28;;07.12.2021;;;1021;;;;;;;
Aviozek(1019);1;83.7;26;06.gru.21;;1019;Win;83.7;26;06.12.2021;;Aviozek;Win;83.7;26;06.12.2021;;Aviozek;1019;Win;83.7;26;06.12.2021;;;Aviozek;yon123456;;;;;;;1019;;;;;;;;
yon123456(912);0;71.6;;;;912;Lose;71.6;;;;yon123456;Lose;71.6;;;;yon123456;912;Lose;71.6;;;;;;;;;26;;06.12.2021;;;912;;;;;;;
Aviozek(1013);1;71.8;73;06.gru.21;;1013;Win;71.8;73;06.12.2021;;Aviozek;Win;71.8;73;06.12.2021;;Aviozek;1013;Win;71.8;73;06.12.2021;;;Aviozek;joerules007;;;;;;;1013;;;;;;;;
joerules007(1009);0;63.7;;;;1009;Lose;63.7;;;;joerules007;Lose;63.7;;;;joerules007;1009;Lose;63.7;;;;;;;;;73;;06.12.2021;;;1009;;;;;;;
taysi14(961);0;65.1;31;06.gru.21;;961;Lose;65.1;31;06.12.2021;;taysi14;Lose;65.1;31;06.12.2021;;taysi14;961;Lose;65.1;31;06.12.2021;;;taysi14;Aviozek;;;;;;;;961;;;;;;;
Aviozek(1005);1;78.9;;;;1005;Win;78.9;;;;Aviozek;Win;78.9;;;;Aviozek;1005;Win;78.9;;;;;;;;;31;;06.12.2021;;1005;;;;;;;;
Wrangler60(885);0;70.6;49;06.gru.21;;885;Lose;70.6;49;06.12.2021;;Wrangler60;Lose;70.6;49;06.12.2021;;Wrangler60;885;Lose;70.6;49;06.12.2021;;;Wrangler60;Aviozek;;;;;;;;885;;;;;;;
Aviozek(997);1;67.6;;;;997;Win;67.6;;;;Aviozek;Win;67.6;;;;Aviozek;997;Win;67.6;;;;;;;;;49;;06.12.2021;;997;;;;;;;;
;;;;;;;;;;;;;;;;;;;;;;;;;;;;;;;;;;;;;;;;;;
